stock_id,company_name,sector,longBusinessSummary,country,industry,currency,exchange,longName,shortName,52WeekChange,fiftyTwoWeekHigh,volume
MSFT,Microsoft,Technology,"Microsoft Corporation develops, licenses, and supports software, services, devices, and solutions worldwide. Its Productivity and Business Processes segment offers Office, Exchange, SharePoint, Microsoft Teams, Office 365 Security and Compliance, and Skype for Business, as well as related Client Access Licenses (CAL); Skype, Outlook.com, OneDrive, and LinkedIn; and Dynamics 365, a set of cloud-based and on-premises business solutions for organizations and enterprise divisions. Its Intelligent Cloud segment licenses SQL, Windows Servers, Visual Studio, System Center, and related CALs; GitHub that provides a collaboration platform and code hosting service for developers; and Azure, a cloud platform. It also offers support services and Microsoft consulting services to assist customers in developing, deploying, and managing Microsoft server and desktop solutions; and training and certification on Microsoft products. Its More Personal Computing segment provides Windows original equipment manufacturer (OEM) licensing and other non-volume licensing of the Windows operating system; Windows Commercial, such as volume licensing of the Windows operating system, Windows cloud services, and other Windows commercial offerings; patent licensing; Windows Internet of Things; and MSN advertising. It also offers Surface, PC accessories, PCs, tablets, gaming and entertainment consoles, and other devices; Gaming, including Xbox hardware, and Xbox content and services; video games and third-party video game royalties; and Search, including Bing and Microsoft advertising. It sells its products through OEMs, distributors, and resellers; and directly through digital marketplaces, online stores, and retail stores. It has collaborations with Dynatrace, Inc., Morgan Stanley, Micro Focus, WPP plc, ACI Worldwide, Inc., and iCIMS, Inc., as well as strategic relationships with Avaya Holdings Corp. and wejo Limited. Microsoft Corporation was founded in 1975 and is based in Redmond, Washington.",United States,Software—Infrastructure,USD,NMS,Microsoft Corporation,Microsoft Corporation,0.08619225,349.67,9479664
GE,General Electric,Industrials,"General Electric Company operates as a high-tech industrial company in Europe, China, Asia, the Americas, the Middle East, and Africa. It operates through four segments: Power, Renewable Energy, Aviation, and Healthcare segments. The Power segment offers gas and steam turbines, full balance of plant, upgrade, and service solutions, as well as data-leveraging software for power generation, industrial, government, and other customers. The Renewables segment provides various solutions for its customers through combining onshore and offshore wind, blade manufacturing, grid solutions, hydro, storage, hybrid renewables, and digital services offerings. The Aviation segment designs and produces commercial and military aircraft engines, integrated engine components, electric power, and mechanical aircraft systems; and provides aftermarket services. The Healthcare segment provides healthcare technologies to developed and emerging markets in medical imaging, digital solutions, patient monitoring and diagnostics, and drug discovery and performance improvement solutions that are the building blocks of precision health to hospitals and medical facilities. The company also engages in the provision of various financial solutions; and management of run-off insurance operations, which provides life and health insurance and reinsurance products, as well as grid management software. General Electric Company was incorporated in 1892 and is headquartered in Boston, Massachusetts.",United States,Specialty Industrial Machinery,USD,NYQ,General Electric Company,General Electric Company,-0.13476264,116.17,2100187
XOM,Exxon,Energy,"Exxon Mobil Corporation explores for and produces crude oil and natural gas in the United States and internationally. It operates through Upstream, Downstream, and Chemical segments. The company is also involved in the manufacture, trade, transport, and sale of crude oil, natural gas, petroleum products, petrochemicals, and other specialty products; manufactures and sells petrochemicals, including olefins, polyolefins, aromatics, and various other petrochemicals; and captures and stores carbon, hydrogen, and biofuels. As of December 31, 2021, it had approximately 20,528 net operated wells with proved reserves. The company was founded in 1870 and is headquartered in Irving, Texas.",United States,Oil & Gas Integrated,USD,NYQ,Exxon Mobil Corporation,Exxon Mobil Corporation,0.60155547,91.51,10307441
WMT,WalMart,Consumer Defensive,"Walmart Inc. engages in the operation of retail, wholesale, and other units worldwide. The company operates through three segments: Walmart U.S., Walmart International, and Sam's Club. It operates supercenters, supermarkets, hypermarkets, warehouse clubs, cash and carry stores, and discount stores; membership-only warehouse clubs; ecommerce websites, such as walmart.com, walmart.com.mx, walmart.ca, flipkart.com, and samsclub.com; and mobile commerce applications. The company offers grocery and consumables, which includes dairy, meat, bakery, deli, produce, dry, chilled or frozen packaged foods, alcoholic and nonalcoholic beverages, floral, snack foods, candy, other grocery items, health and beauty aids, paper goods, laundry and home care, baby care, pet supplies, and other consumable items; and health and wellness products covering pharmacy, over-the-counter drugs and other medical products, and optical and hearing services. It also provides gasoline stations and tobacco; home improvement, outdoor living, gardening, furniture, apparel, jewelry, tools and power equipment, housewares, toys, seasonal items, mattresses, and tire and battery centers; and consumer electronics and accessories, software, video games, office supplies, appliances, and third-party gift cards. In addition, the company offers fuel and financial services and related products, including money orders, prepaid cards, money transfers, and check cashing and bill payment, as well as various types of installment lending. It operates approximately 10,500 stores and various e-commerce websites under 46 banners in 24 countries. The company was formerly known as Wal-Mart Stores, Inc. and changed its name to Walmart Inc. in February 2018. The company was founded in 1945 and is based in Bentonville, Arkansas.",United States,Discount Stores,USD,NYQ,Walmart Inc.,Walmart Inc.,0.10718095,158.41,1716724
PFE,Pfizer,Healthcare,"Pfizer Inc. discovers, develops, manufactures, markets, distributes, and sells biopharmaceutical products worldwide. It offers medicines and vaccines in various therapeutic areas, including cardiovascular metabolic and women's health under the Premarin family and Eliquis brands; biologics, small molecules, immunotherapies, and biosimilars under the Ibrance, Xtandi, Sutent, Inlyta, Retacrit, Lorbrena, and Braftovi brands; and sterile injectable and anti-infective medicines, and oral COVID-19 treatment under the Sulperazon, Medrol, Zavicefta, Zithromax, Vfend, Panzyga, and Paxlovid brands. The company also provides medicines and vaccines in various therapeutic areas, such as pneumococcal disease, meningococcal disease, tick-borne encephalitis, and COVID-19 under the Comirnaty/BNT162b2, Nimenrix, FSME/IMMUN-TicoVac, Trumenba, and the Prevnar family brands; biosimilars for chronic immune and inflammatory diseases under the Xeljanz, Enbrel, Inflectra, Eucrisa/Staquis, and Cibinqo brands; and amyloidosis, hemophilia, and endocrine diseases under the Vyndaqel/Vyndamax, BeneFIX, and Genotropin brands. In addition, the company is involved in the contract manufacturing business. It serves wholesalers, retailers, hospitals, clinics, government agencies, pharmacies, and individual provider offices, as well as disease control and prevention centers. The company has collaboration agreements with Bristol-Myers Squibb Company; Astellas Pharma US, Inc.; Myovant Sciences Ltd.; Akcea Therapeutics, Inc; Merck KGaA; Valneva SE; BioNTech SE; and Arvinas, Inc. Pfizer Inc. was founded in 1849 and is headquartered in New York, New York.",United States,Drug Manufacturers—General,USD,NYQ,Pfizer Inc.,"Pfizer, Inc.",0.32820904,61.71,11557809
C,Citigroup,Financial Services,"Citigroup Inc., a diversified financial services holding company, provides various financial products and services to consumers, corporations, governments, and institutions in North America, Latin America, Asia, Europe, the Middle East, and Africa. The company operates in two segments, Global Consumer Banking (GCB) and Institutional Clients Group (ICG). The GCB segment offers traditional banking services to retail customers through retail banking, Citi-branded cards, and Citi retail services. It also provides various banking, credit card, lending, and investment services through a network of local branches, offices, and electronic delivery systems. The ICG segment offers wholesale banking products and services, including fixed income and equity sales and trading, foreign exchange, prime brokerage, derivative, equity and fixed income research, corporate lending, investment banking and advisory, private banking, cash management, trade finance, and securities services to corporate, institutional, public sector, and high-net-worth clients. As of December 31, 2020, it operated 2,303 branches primarily in the United States, Mexico, and Asia. Citigroup Inc. was founded in 1812 and is headquartered in New York, New York.",United States,Banks—Diversified,USD,NYQ,Citigroup Inc.,"Citigroup, Inc.",,80.29,9447731
AIG,AIG,Financial Services,"American International Group, Inc. provides insurance products for commercial, institutional, and individual customers in North America and internationally. The company's General Insurance segment offers general liability, environmental, commercial automobile liability, workers' compensation, casualty, and crisis management insurance products; commercial, industrial, and energy-related property insurance; and aerospace, political risk, trade credit, portfolio solutions, crop, and marine insurance. It also provides professional liability insurance products for a range of businesses and risks, including directors and officers, mergers and acquisitions, fidelity, employment practices, fiduciary liability, cyber risk, kidnap and ransom, and errors and omissions insurance. In addition, this segment offers personal auto and property insurance, voluntary and sponsor-paid personal accident, and supplemental health products; extended warranty insurance products; and travel insurance products. Its Life and Retirement segment offers variable annuities, fixed index and fixed annuities, and retail mutual funds; group mutual funds, group and individual annuities, and investment products, and financial planning and advisory services; plan administrative and compliance services; and term life and universal life insurance. It also provides stable value wrap products, and structured settlement and pension risk transfer annuities; and corporate- and bank-owned life insurance and guaranteed investment contracts. This segment sells its products through independent marketing organizations, independent insurance agents, financial advisors, direct marketing, banks, and broker-dealers. American International Group, Inc. was founded in 1919 and is based in New York, New York.",United States,Insurance—Diversified,USD,NYQ,"American International Group, Inc.","American International Group, I",,64.9,2189717
JCI,Johnson & Johnson,Industrials,"Johnson Controls International plc, together with its subsidiaries, operates as a diversified technology and multi-industrial company worldwide. It operates in four segments: Building Solutions North America, Building Solutions EMEA/LA, Building Solutions Asia Pacific, and Global Products. The company designs, sells, installs, and services heating, ventilating, air conditioning, controls, building management, refrigeration, integrated electronic security, and integrated fire detection and suppression systems for commercial, industrial, retail, small business, institutional, and governmental customers; and energy efficiency solutions and technical services, including inspection, scheduled maintenance, and repair and replacement of mechanical and control systems, as well as data-driven smart building solutions to non-residential building and industrial applications. It also designs, manufactures, and sells software services for residential and commercial applications; and designs, manufactures, and sells refrigeration equipment; and designs, manufactures, and sells fire protection and security products, including intrusion security, anti-theft devices, and access control and video management systems for commercial, industrial, retail, residential, small business, institutional, and governmental customers. The company was formerly known as Johnson Controls, Inc. and changed its name to Johnson Controls International plc in September 2016. Johnson Controls International plc was incorporated in 1885 and is headquartered in Cork, Ireland.",Ireland,Engineering & Construction,USD,NYQ,Johnson Controls International plc,Johnson Controls International ,,81.77,723736
IBM,IBM,Technology,"International Business Machines Corporation provides integrated solutions and services worldwide. Its Cloud & Cognitive Software segment offers software for vertical and domain-specific solutions in various application areas; and customer information control system and storage, and analytics and integration software solutions to support client mission on-premise workloads in banking, airline, and retail industries. It offers middleware and data platform software, including Red Hat that enables the operation of clients' hybrid multi-cloud environments; and Cloud Paks, WebSphere distributed, and analytics platform software, such as DB2 distributed, information integration, and enterprise content management, as well as IoT, Blockchain and AI/Watson platforms. The company's Global Business Services segment offers business consulting services; system integration, application management, maintenance, and support services for packaged software; and finance, procurement, talent and engagement, and industry-specific business process outsourcing services. Its Global Technology Services segment provides IT infrastructure and platform services; and project, managed, outsourcing, and cloud-delivered services for enterprise IT infrastructure environments; and IT infrastructure support services. The company's Systems segment offers servers for businesses, cloud service providers, and scientific computing organizations; data storage products and solutions; and z/OS, an enterprise operating system, as well as Linux. Its Global Financing segment provides lease, installment payment, loan financing, short-term working capital financing, and remanufacturing and remarketing services. It has a collaboration with GK Software SE to enhance retail innovation and customer omnichannel experience with hybrid cloud technology; and with Apptio, Inc. The company was formerly known as Computing-Tabulating-Recording Co. The company was incorporated in 1911 and is headquartered in Armonk, New York.",United States,Information Technology Services,USD,NYQ,International Business Machines Corporation,International Business Machines,,146.11855,2290574
CSCO,Cisco,Technology,"Cisco Systems, Inc. designs, manufactures, and sells Internet Protocol based networking and other products related to the communications and information technology industry in the Americas, Europe, the Middle East, Africa, the Asia Pacific, Japan, and China. It provides infrastructure platforms, including networking technologies of switching, routing, wireless, and data center products that are designed to work together to deliver networking capabilities, and transport and/or store data. The company also offers collaboration products comprising unified communications, Cisco TelePresence, and conferencing, as well as the Internet of Things and analytics software. In addition, it provides security products, such as network security, cloud and email security, identity and access management, advanced threat protection, and unified threat management products. Further, the company offers a range of service and support options for its customers, including technical support and advanced services. It serves businesses of various sizes, public institutions, governments, and service providers. The company sells its products and services directly, as well as through systems integrators, service providers, other resellers, and distributors. Cisco Systems, Inc. has strategic alliances with other companies. Cisco Systems, Inc. was incorporated in 1984 and is headquartered in San Jose, California.",United States,Communication Equipment,USD,NMS,"Cisco Systems, Inc.","Cisco Systems, Inc.",,64.29,5161727
0700.HK,Tencent Holdings,Communication Services,"Tencent Holdings Limited, an investment holding company, provides value-added services (VAS) and Online advertising services in Mainland China and internationally. The company operates through VAS, Online Advertising, FinTech and Business Services, and Others segments. It offers online games and social network services; FinTech and cloud services, and online advertising services, such as media, social, and others advertisement services. The company is also involved in production, investment, and distribution of films and television programs for third parties, as well as copyrights licensing, merchandise sales, and other activities. In addition, it develops software; develops and operates online games; and provides information technology, information system integration, asset management, online literature, and online music entertainment services. The company has strategic collaboration with RareStone Inc. to develop a service ecosystem focused on rare disease patients in China. Tencent Holdings Limited company was founded in 1998 and is headquartered in Shenzhen, the People's Republic of China.",China,Internet Content & Information,HKD,HKG,Tencent Holdings Limited,TENCENT,,640,17741106
1398.HK,ICBC HK,Financial Services,"Industrial and Commercial Bank of China Limited, together with its subsidiaries, provides banking products and services in the People's Republic of China and internationally. It operates through Corporate Banking, Personal Banking, and Treasury Operations segments. The Corporate Banking segment offers financial products and services to corporations, government agencies, and financial institutions. Its products and services include corporate loans, trade financing, deposit-taking activities, corporate wealth management services, custody activities, various corporate intermediary services, etc. The Personal Banking segment provides financial products and services to individual customers. This segment's products and services comprise personal loans and cards, deposits, personal wealth management, personal intermediary services, etc. The Treasury Operations segment is involved in the money market transactions, investment securities, and foreign exchange transactions, as well as in the holding of derivative positions. The company also offers e-banking services, including Internet, telephone, and mobile banking services; and investment banking, fund and financial asset management, trust, financial leasing, broker dealer, securities margin and trading, insurance, and other financial services. It operates 16,653 institutions, including 16,227 domestic institutions and 426 overseas institutions. Industrial and Commercial Bank of China Limited was founded in 1984 and is headquartered in Beijing, the People's Republic of China.",China,Banks—Diversified,HKD,HKG,Industrial and Commercial Bank of China Limited,ICBC,,5.5,216123073
0939.HK,China Construction Bank,Financial Services,"China Construction Bank Corporation provides various banking and related financial services to individuals and corporate customers in the People's Republic of China and internationally. It operates through Corporate Banking, Personal Banking, Treasury Business, and Others segments. The company accepts various deposits, such as foreign currency, all in one accounts, RMB, corporate term and notification, and corporate demand deposits, as well corporate deposits by agreement. Its loan products include personal business, car, and housing loans; and SME, traditional credit, commercial draft, buyer credit, and RMB credit line loans. The company also offers credit cards; physical gold for personal investment and personal gold accounts; foreign exchange services; certificate treasury and savings bonds, securities deposit accounts, and securities services, as well as bank-securities transfer and book-entry treasury bond over the counter services; and wealth management products. In addition, it provides collection, salaries payment, third-party collection and payment, insurance agency, and remittance services; international settlement and financing, and FI services; securities and fund settlement services; guarantee-based, consulting and advising, and factoring services; fund custody services; treasury, asset management, trustee, finance leasing, investment banking, and other financial services; and e-banking services. Further, the company offers institutional services comprising services for government agencies, social security, banks cooperation, bank-securities cooperation, bank-insurance cooperation, and services for non-banking financial institutions. As of December 31, 2020, it operated 14,741 banking outlets. China Construction Bank Corporation was founded in 1954 and is headquartered in Beijing, the People's Republic of China.",China,Banks—Diversified,HKD,HKG,China Construction Bank Corporation,CCB,,6.56,320134367
3988.HK,Bank Of China HK,Financial Services,"Bank of China Limited, together with its subsidiaries, provides banking and related financial services. It operates through six segments: Corporate Banking, Personal Banking, Treasury Operations, Investment Banking, Insurance, and Other Operations. The Corporate Banking segment offers current accounts, deposits, overdrafts, loans, trade-related products and other credit facilities, foreign exchange, derivatives, and wealth management products to corporate customers, government authorities, and financial institutions. The Personal Banking segment provides savings deposits, personal loans, credit and debit cards, payments and settlements, wealth management products, and funds and insurance agency services to retail customers. The Treasury Operations segment is involved in the foreign exchange transactions, customer-based interest rate and foreign exchange derivative transactions, money market transactions, proprietary trading, and asset and liability management. The Investment Banking segment offers debt and equity underwriting, financial advisory, stock brokerage, investment research and asset management, and private equity investment services, as well as sells and trades in securities. The Insurance segment underwrites general and life insurance products; and provides insurance agency services. As of December 31, 2020, the company operated approximately 11,550 institutions, including 10,991 institutions in Chinese mainland; and 559 institutions in Hong Kong, Macau, Taiwan, and other countries. It is also involved in the aircraft leasing business. The company was founded in 1912 and is headquartered in Beijing, China. Bank of China Limited is a subsidiary of Central Huijin Investment Limited.",China,Banks—Diversified,HKD,HKG,Bank of China Limited,BANK OF CHINA,,3.2,353736698
0857.HK,PetroChina,Energy,"PetroChina Company Limited, together with its subsidiaries, engages in a range of petroleum related products, services, and activities in Mainland China and internationally. It operates through Exploration and Production, Refining and Chemicals, Marketing, and Natural Gas and Pipeline segments. The Exploration and Production segment engages in the exploration, development, production, and marketing of crude oil and natural gas. The Refining and Chemicals segment refines crude oil and petroleum products; and produces and markets primary petrochemical products, derivative petrochemical products, and other chemical products. The Marketing segment is involved in marketing of refined products and trading business. The Natural Gas and Pipeline segment engages in the transmission of natural gas, crude oil, and refined products; and sale of natural gas. As of December 31, 2020, the company had a total length of 31,151 km, including 22,555 km of natural gas pipelines, 7,190 km of crude oil pipelines, and 1,406 km of refined product pipelines. The company is also involved in the exploration, development, and production of oil sands and coalbed methane; trading of crude oil and petrochemical products; storage, chemical engineering, storage facilities, service station, and transportation facilities and related businesses; and production and sales of basic and derivative chemical, and other chemical products. The company was founded in 1999 and is headquartered in Beijing, the People's Republic of China. PetroChina Company Limited is a subsidiary of China National Petroleum Corporation.",China,Oil & Gas Integrated,HKD,HKG,PetroChina Company Limited,PETROCHINA,,4.49,91164111
0941.HK,China Mobile,Communication Services,"China Mobile Limited provides telecommunications services in Mainland China and Hong Kong. Its businesses primarily consist of mobile voice and data business, wireline broadband, and other information and communications services. As of December 31, 2020, the company served a total of 942 million mobile customers and 210 million wireline broadband customers. It also offers telecommunications network planning, design, and consulting services; roaming clearance, IT system operation, and technology support services; value-added platform development and maintenance services; mobile data, and system integration and development services; network construction and maintenance, network planning and optimizing, and training services; non-banking financial services; and electronic communication products design services, as well as sells related products. In addition, the company provides mobile cloud research and development services; call center services; e-payment, e-commerce, and Internet finance services; and mobile Internet digital content services, as well as operates a network and business coordination center. The company was formerly known as China Mobile (Hong Kong) Limited and changed its name to China Mobile Limited in May 2006. The company was incorporated in 1997 and is based in Central, Hong Kong. China Mobile Limited is a subsidiary of China Mobile Hong Kong (BVI) Limited.",Hong Kong,Telecom Services,HKD,HKG,China Mobile Limited,CHINA MOBILE,,58.65,18294973
2318.HK,Ping An Insurance,Financial Services,"Ping An Insurance (Group) Company of China, Ltd. provides financial products and services for insurance, banking, asset management, and fintech and healthtech businesses in the People's Republic of China. The company's Life and Health Insurance segment offers term, whole-life, endowment, annuity, investment-linked, universal life, and health care and medical insurance to individual and corporate customers. Its Property and Casualty Insurance segment provides auto, non-auto, and accident and health insurance to individual and corporate customers. The company's Banking segment undertakes loan and intermediary businesses with corporate and retail customers; and offers wealth management and credit card services to individual customers. Its Trust segment provides trust services; and undertakes investing activities. The company's Securities segment offers brokerage, trading, investment banking, and asset management services. Its Other Asset Management segment provides investment management, finance lease, and other asset management services. The company's Technology segment offers financial and daily-life services through internet platforms, such as financial transaction information service platform, and health care service platform. It also provides annuity insurance, investment management, IT and business process outsourcing, real estate investment, futures brokerage, consulting, project investment, financial advisory, currency brokerage, property agency, fund raising and distribution, real estate development and leasing, and insurance agency services. In addition, the company provides factoring, equity investment, financing guarantee, logistics, management consulting, e-commerce, credit information, and private equity financing services; and operates an expressway, as well as produces and sells consumer chemicals. The company has strategic agreements with Zhongshan Hospital and Shenzhen Stock Exchange. The company was founded in 1988 and is based in Shenzhen, China.",China,Insurance—Life,HKD,HKG,"Ping An Insurance (Group) Company of China, Ltd.",PING AN,,90.85,28497005
0005.HK,HSBC Holdings,Financial Services,"HSBC Holdings plc provides banking and financial services worldwide. The company operates through Wealth and Personal Banking, Commercial Banking, and Global Banking and Markets segments. The Wealth and Personal Banking segment offers retail banking products and services, including current and savings accounts, mortgages and personal loans, credit and debit cards, and local and international payment services for ultra high net worth individuals; and wealth management services comprising insurance and investment products, global asset management services, investment management, and private wealth solutions. The Commercial Banking segment provides credit and lending, treasury management, payment, cash management, commercial insurance, and investment services, as well as commercial cards, and international trade and receivables finance services; foreign exchange products; and capital raising services on debt and equity markets; and advisory services. It serves small and medium sized enterprises, mid-market enterprises, and corporates. The Global Banking and Markets segment offers financing, advisory, and transaction services; and credit, rates, foreign exchange, equities, money markets, and securities services, as well as engages in principal investment activities. It serves government, corporate and institutional clients, and private investors. HSBC Holdings plc was founded in 1865 and is headquartered in London, the United Kingdom.",United Kingdom,Banks—Diversified,HKD,HKG,HSBC Holdings plc,HSBC HOLDINGS,,59.6,14672531
1299.HK,AIA Group,Financial Services,"AIA Group Limited provides insurance products and services. The company offers life, medical, accident protection, critical illness protection, and disability protection insurance products, as well as savings plans for individuals; and employee benefit, credit insurance, retirement, and regional solutions for businesses. It also distributes investment and other financial services products. The company distributes its products and services through agents and partners. It operates in Hong Kong, Macau, Thailand, Singapore, Brunei, Malaysia, Mainland China, Australia, New Zealand, Cambodia, Indonesia, Myanmar, the Philippines, South Korea, Sri Lanka, Taiwan, Vietnam, and India. AIA Group Limited was founded in 1919 and is headquartered in Central, Hong Kong.",Singapore,Insurance—Life,HKD,HKG,AIA Group Limited,AIA,,104.8,28136538
2628.HK,China Life Insurance,Financial Services,"China Life Insurance Company Limited, together with its subsidiaries, operates as a life insurance company in the People's Republic of China. It operates in four segments: Life Insurance Business, Health Insurance Business, Accident Insurance Business, and Other Businesses. The company offers individual and group life, annuity products, accident, and health insurance products. It is also involved in the third-party asset management, annuity funds, fund management, investment management, pension security, occupational pension, reinsurance, and health management businesses. China Life Insurance Company Limited sells its products through agents, direct sales representatives, and dedicated and non-dedicated agencies. The company was founded in 1949 and is based in Beijing, the People's Republic of China. China Life Insurance Company Limited is a subsidiary of China Life Insurance (Group) Company Limited.",China,Insurance—Life,HKD,HKG,China Life Insurance Company Limited,CHINA LIFE,,16.64,13607431
RELIANCE.NS,Reliance Ltd.,Energy,"Reliance Industries Limited engages in hydrocarbon exploration and production, petroleum refining and marketing, petrochemicals, textile, retail, digital, and financial services businesses worldwide. The company produces and markets petroleum products, such as liquefied petroleum gas, propylene, naphtha, gasoline, jet/aviation turbine fuel, kerosene oil, diesel, Sulphur, and petroleum coke. It also provides petrochemicals, including high-density and low-density polyethylene (PE), linear low density PE, polyester fibers and yarns, polypropylene, polyvinyl chloride, polyester yarn, purified terephthalic acid, ethylene glycols and oxide, paraxylene, ortho xylene, benzene, linear alkyl benzene and paraffin, poly butadiene rubber, styrene butadiene rubber, butyl rubber, and polyethylene terephthalate. In addition, the company manufactures and markets yarns, fabrics, apparel, and auto furnishings; explores, develops, and produces crude oil and natural gas; and operates various stores comprising neighborhood, supermarket, hypermarket, wholesale cash and carry, specialty, online, pharmacy, and grocery stores, as well as stores that offer apparel, beauty and cosmetics, accessories, footwear, consumer electronics, connectivity products, and others. As of March 31, 2021, it operated 12,711 retail stores. Further, it provides range of digital services under the Jio brand name; and non-banking financial and insurance broking services. Further, it operates news and entertainment platforms, finance portals, fashion and lifestyle portals, and online ticket booking platforms, as well as Network18 and television channels; publishes magazines; and offers highway hospitality and fleet management services. The company was incorporated in 1973 and is based in Mumbai, India.",India,Oil & Gas Refining & Marketing,INR,NSI,Reliance Industries Limited,RELIANCE INDS,,2751.35,12062458
TCS.NS,TCS,Technology,"Tata Consultancy Services Limited provides information technology (IT) and IT enabled services worldwide. The company operates through Banking, Financial Services and Insurance; Manufacturing; Retail and Consumer Business; Communication, Media and Technology; and Others segments. It offers CHROMA, a cloud-based talent management solution; ignio, a cognitive automation software product; TCS iON, an assessment platform; TAP, a procurement offering; TCS MasterCraft, a platform to automate and manage IT processes; Quartz, a blockchain solution; and TCS OmniStore, a commerce platform. The company also provides customer intelligence and insight solutions; Intelligent Urban Exchange, an integrated software to accelerate smart city programs; OPTUMERA, a digital merchandising suite; TCS BaNCS, a financial platform; and Jile, an agile DevOps product. In addition, it offers advanced drug development and connected intelligent platforms; ERP on cloud, an enterprise solution; and HOBS, a platform for subscription based digital business. Further, the company provides cognitive business, consulting, analytics, automation and artificial intelligence, Internet of Things, cloud applications, blockchain, cloud infrastructure, cyber security, interactive, industrial and quality engineering, and enterprise services. It serves banking, financial, and public services; consumer goods and distribution; insurance; life sciences and healthcare; manufacturing, retail; hi-tech; travel, transportation, and hospitality industries; communications, media, and technology industries; and energy, resource, and utility industries. It has strategic partnerships with Bharti Airtel Limited for implementing 5G networks in India; Google LLC for launching Google Garages; and NICE Ltd. to expand markets for financial crime solutions. The company was founded in 1968 and is headquartered in Mumbai, India. Tata Consultancy Services Limited is a subsidiary of Tata Sons Private Limited.",India,Information Technology Services,INR,NSI,Tata Consultancy Services Limited,TATA CONSULTANCY S,,4043,3168172
HDFCBANK.NS,HDFC Bank,Financial Services,"HDFC Bank Limited provides various banking and financial services to individuals and businesses in India, Bahrain, Hong Kong, and Dubai. It operates in Treasury, Retail Banking, Wholesale Banking, Other Banking Business, and Unallocated segments. The company accepts savings, salary, current, rural, public provident fund, pension, and Demat accounts; fixed and recurring deposits; and safe deposit lockers; as well as offshore accounts and deposits, overdrafts against fixed deposits, and sweep-in facilities. It also provides personal, home, car, two wheeler, business, educational, gold, consumer, and rural loans; loans against properties, securities, rental receivables, and assets; loans for professionals; government sponsored programs; and loans on credit card, as well as working capital and commercial/construction equipment finance, healthcare/medical equipment and commercial vehicle finance, dealer finance, and term and professional loans. In addition, the company offers credit, debit, prepaid, and forex cards; payment and collection, export, import, remittance, bank guarantee, letter of credit, trade, hedging, and merchant and cash management services; and insurance and investment products. Further, it provides short term finance, bill discounting, structured finance, export credit, loan syndication, and documents collection services; online and wholesale, mobile, and phone banking services; unified payment interface, immediate payment, national electronic funds transfer, and real time gross settlement services; and channel financing, vendor financing, reimbursement account, money market, derivatives, employee trusts, cash surplus corporates, tax payment, and bankers to rights/public issue services, as well as financial solutions for supply chain partners and agricultural customers. As of March 31, 2021, it had 5,608 branches and 16,087 automated teller machines in 2,902 cities/towns. HDFC Bank Limited was incorporated in 1994 and is based in Mumbai, India.",India,Banks—Regional,INR,NSI,HDFC Bank Limited,HDFC BANK,,1725,37024420
INFY.NS,Infosys,Technology,"Infosys Limited, together with its subsidiaries, provides consulting, technology, outsourcing, and next-generation digital services in North America, Europe, India, and internationally. It provides application development and management, independent validation, product engineering and management, infrastructure management, enterprise application management, and support and integration services. The company's products and platforms include Finacle, a core banking solution; Edge suite of products; Infosys Nia, an artificial intelligence platform; Infosys McCamish - an insurance platform; Wingspan, a customizable learning platform; Stater mortgage servicing platform; Panaya automation suite; and Skava, an e-commerce suite. The company serves clients in the financial services and insurance, life sciences and healthcare, manufacturing, retail, consumer packaged goods and logistics, hi-tech, communications, telecom OEM, media, energy, utilities, resources, services, and other industries. It has collaboration agreements with Rolls-Royce, BP plc, Newmont Corporation, RXR Realty, Majesco Limited, and Centre for Accessibility Australia; and a strategic partnership with The Economist Group Limited to enable and enhance sustainability solutions through a business-to-business model. The company was formerly known as Infosys Technologies Limited and changed its name to Infosys Limited in June 2011. Infosys Limited was incorporated in 1981 and is headquartered in Bengaluru, India.",India,Information Technology Services,INR,NSI,Infosys Limited,INFOSYS LTD,,1953.9,17035173
HINDUNILVR.NS,Hindustan Unilever,Consumer Defensive,"Hindustan Unilever Limited, a consumer goods company, manufactures and sells home and personal care, food, and refreshment products in India and internationally. The company operates through Home Care, Beauty & Personal Care, Foods & Refreshment, and Others segments. The Home Care segment offers detergent bars and powders, detergent liquids, scourers, water business, purifiers business, etc. The Beauty & Personal Care segment provides oral, skin, and hair care products, as well as soaps, deodorants, talcum powder, color cosmetics, salon services, etc. The Foods & Refreshment segment provides staples, including atta, salt, bread, etc.; and culinary products, such as tomato based products, fruit based products, soups, etc., as well as tea, coffee, health food drinks, ice-creams, and frozen desserts. The Others segment offers infant care products and exports products. The company also engages in the beauty salons, job work, discharge trust, and real estate businesses. It provides its foods and refreshment products under the Boost, Cornetto, HELLMANN'S, Horlicks, Knorr, Lipton, Magnum, BRU, Annapurna, Brooke Bond 3 Roses, Brooke Bond Red Label, Brooke Bond Taaza, Brooke Bond Taj Mahal, Kissan, and Kwality Wall's brands; and home care products under the Cif, Comfort, Active Wheel, Domex, Rin, Surf excel, Vim, love & care, nature protect, and Sunlight brands. The company offers its beauty and personal care products under the Axe, Dove, Lifebuoy, LOVE beauty AND planet, Lux, Pepsodent, Pond's, Sunsilk, Sure, TRESemmÃ©, Vaseline, aviance, Breeze, Citra, Clear, Closeup, Fair & Lovely, LakmÃ©, Pears, TIGI, TONI & GUY, Brylcreem, Clinic Plus, ELLE 18, Glow & Handsome, Hamam, ayush, Indulekha, Liril, Pure Derm, VWASH Plus, and Rexona brands; and water purifiers under the Pureit brand. The company was founded in 1888 and is headquartered in Mumbai, India. Hindustan Unilever Limited operates as a subsidiary of Unilever Plc.",India,Household & Personal Products,INR,NSI,Hindustan Unilever Limited,HINDUSTAN UNILEVER,,2859.3,1774878
ICICIBANK.NS,ICICI Bank,Financial Services,"ICICI Bank Limited provides various banking products and financial services in India and internationally. It operates through Retail Banking, Wholesale Banking, Treasury, Other Banking, Life insurance, General insurance, and Others segments. The company offers savings, salary, pension, current, and other accounts; and fixed, recurring, and security deposits. It also provides home, car, two wheeler, personal, gold, and commercial business loans, as well as loans against securities and other loans; business loans, such as working capital finance, term loans, collateral free loans, loans without financials, finance for importers and exporters, and secured loans for credit card swipes, as well as loans for new entities, and schools and colleges; and credit, debit, prepaid, travel, and corporate cards. In addition, the company offers insurance products; pockets wallet; fixed income products; investment products, such as mutual funds, gold monetization schemes, and initial public offerings, as well as other online investment services; and farmer finance, tractor loans, and micro banking services, as well as other services to agri traders and processors, and agri corporates. Further, it provides portfolio management, trade, foreign exchange, locker, private and NRI banking, and cash management services; family wealth and demat accounts; commercial and investment banking, capital market, custodial, project and technology finance, and institutional banking services, as well as Internet, mobile, and phone banking services. Additionally, the company offers securities investment, broking, trading, and underwriting services; and merchant banking, trusteeship, housing finance, and pension fund management services. As of March 31, 2021, it had a network of 5,266 branches, 14,136 ATMs, 1,786 insta-banking kiosks, and 2,713 cash acceptance machines. ICICI Bank Limited was founded in 1955 and is headquartered in Mumbai, India.",India,Banks—Regional,INR,NSI,ICICI Bank Limited,ICICI BANK,,867,31085437
SBIN.NS,State Bank of India,Financial Services,"State Bank of India provides various banking products and services to individuals, commercial enterprises, corporates, public bodies, and institutional customers in India and internationally. The company operates through Treasury, Corporate/Wholesale Banking, Retail Banking, Insurance Business, and Other Banking Business segments. It offers personal banking products and services, including current accounts, savings accounts, term deposits, and recurring deposits; home, auto, education, gold, and personal loans, as well as loans against property and securities; and wealth management, mobile and internet banking, demat, foreign inward remittance, safe deposit locker, public provident fund, money transfer, pension policy, and mobile wallet services, as well as cards and inflation indexed national savings securities cumulative bonds. The company also provides corporate banking products and services comprising corporate accounts, working capital and project finance, term loans, deferred payment guarantees, corporate loans, structured finance, dealer and channel financing, equipment leasing, loan syndication, construction equipment loans, financing Indian firms' overseas subsidiaries or JVs, and cash management, as well as export and cash, and letters of credit products. In addition, it offers NRI services, including accounts and deposits, remittances, investments, and loans; agricultural banking and micro credit to agriculturists and farmers; supply chain finance, and deposits and transaction banking services for SME customers; and international banking services. Further, the company provides treasury, broking, bill payment, and MICR services; and credit cards, life and non-life insurance, mutual funds, merchant banking, trustee business, factoring, security trading, pension fund management, and custody services. As of March 31, 2021, it operated 22,219 branches and 62,617 ATMs. The company was founded in 1806 and is headquartered in Mumbai, India.",India,Banks—Regional,INR,NSI,State Bank of India,STATE BK OF INDIA,,549,20359031
HDFC.NS,Housing Development,Financial Services,"Housing Development Finance Corporation Limited provides housing finance to individuals and corporate customers in India. It operates through Loans, Life Insurance, General Insurance, Asset Management, and Others segments. The company accepts fixed deposits, such as monthly income plans, non-cumulative interest plans, annual income plans, and cumulative options; and trust deposits. It offers loans for the purchase and construction of houses; home improvement and extension, plot, and top-up loans; loans to agriculturists, planters, horticulturists, and dairy farmers; loans for the salaried/self-employed individuals; loans for non-resident Indians; loans against property; and loans for non-residential premises and commercial plots, as well as education loans. In addition, the company provides cross-selling products and services; investment advisory services; life insurance products; general insurance products, including motor, health, travel, crop, home, personal accident, property, marine, aviation, and liability insurance; venture capital funds; asset management services comprising portfolio management, mutual fund, and property investment management; and other services consisting of project management, investment consultancy, and property related services. As of June 30, 2021, it operated through a network of 603 offices; and 3 representative offices in Dubai, London, and Singapore. The company was incorporated in 1977 and is based in Mumbai, India.",India,Mortgage Finance,INR,NSI,Housing Development Finance Corporation Limited,HOUSING DEVEL FIN,,3021.1,20043647
BAJFINANCE.NS,Bajaj Finance,Financial Services,"Bajaj Finance Limited operates as a non-banking financial company in India. The company offers consumer durable, lifestyle, lifecare, digital product, two and three wheeler, developer, used car, medical equipment, vendor, light engineering, specialty chemicals, financial institution, corporate, and warehouse finance services; IPO and margin trading finance, trading account, depository, and HNI and retail broking services; personal, gold, home, business, working capital, secured enterprise, and professional loans; and loan against fixed deposits, shares, properties, and securities. It also provides life, general, and health insurance, as well as pocket insurance products; extended warranty, e-commerce, and lease rental discounting services; financial fitness reports; and EMI cards, and co-branded credit cards and wallets, as well as offers investment services, such as systematic deposit plan, fixed and term deposits, and mutual funds. The company was formerly known as Bajaj Auto Finance Limited and changed its name to Bajaj Finance Limited in September 2010. The company was incorporated in 1987 and is based in Pune, India. Bajaj Finance Limited is a subsidiary of Bajaj Finserv Limited.",India,Credit Services,INR,NSI,Bajaj Finance Limited,BAJAJ FINANCE LTD,,8050,1190842
BHARTIARTL.NS,Bharti Airtel,Communication Services,"Bharti Airtel Limited operates as a telecommunications company in Asia and Africa. It operates through Mobile Services India, Mobile Services Africa, Mobile Services South Asia, Airtel Business, Tower Infrastructure Services, Homes Services, Digital TV Services, and Others segments. The company's product offerings include 2G, 3G, and 4G wireless services, as well as mobile commerce, fixed line services, high speed home broadband, DTH, and enterprise services, including national and international long distance services to carriers. It also provides voice, data, video, network integration, data center, and managed services, as well as enterprise mobility applications; on-demand entertainment and streaming services, such as music and video; digital payments and financial services; and cloud and data center, cybersecurity, IoT, Ad Tech, and cloud based communication products. In addition, the company operates a submarine cable system; and provides telecom towers and related infrastructure for various mobile operators. As of August 5, 2021, it had approximately 474 million customers across its operations. Bharti Airtel Limited has collaboration with Qualcomm Technologies, Inc. for accelerating 5G; partnership with Google Cloud and Cisco to launch Airtel Office Internet, a unified enterprise grade solution; and a strategic partnership with Tata Consultancy Services Limited for implementing 5G network solutions for India. The company was formerly known as Bharti Tele-Ventures Limited and changed its name to Bharti Airtel Limited in April 2006. Bharti Airtel Limited was incorporated in 1995 and is headquartered in New Delhi, India.",India,Telecom Services,INR,NSI,Bharti Airtel Limited,BHARTI AIRTEL LTD,,781.8,9951432
RY.TO,Royal Bank of Canada,Financial Services,"Royal Bank of Canada operates as a diversified financial service company worldwide. The company's Personal & Commercial Banking segment offers checking and savings accounts, home equity financing, personal lending, private banking, indirect lending, including auto financing, mutual funds and self-directed brokerage accounts, guaranteed investment certificates, credit cards, and payment products and solutions; and lending, leasing, deposit, investment, foreign exchange, cash management, auto dealer financing, trade products, and services to small and medium-sized commercial businesses. This segment offers financial products and services through branches, automated teller machines, and mobile sales network. Its Wealth Management segment provides a suite of advice-based solutions and strategies to high net worth and ultra-high net worth individuals, and institutional clients. The company's Insurance segment offers life, health, home, auto, travel, wealth, annuities, and reinsurance advice and solutions; and business insurance services to individual, business, and group clients through its advice centers, RBC insurance stores, and mobile advisors; digital, mobile, and social platforms; independent brokers; and travel partners. Its Investor & Treasury Services segment provides asset servicing, custody, payments, and treasury services to financial and other investors; and fund and investment administration, shareholder, private capital, performance measurement and compliance monitoring, distribution, transaction banking, cash and liquidity management, foreign exchange, and global securities finance services. The company's Capital Markets segment offers corporate and investment banking, as well as equity and debt origination, distribution, advisory services, sale, and trading services for corporations, institutional investors, asset managers, private equity firms, and governments. The company was founded in 1864 and is headquartered in Toronto, Canada.",Canada,Banks—Diversified,CAD,TOR,Royal Bank of Canada,ROYAL BANK OF CANADA,,149.6,1372793
TD.TO,TD Bank,Financial Services,"The Toronto-Dominion Bank, together with its subsidiaries, provides various financial products and services in Canada, the United States, and internationally. It operates through three segments: Canadian Retail, U.S. Retail, and Wholesale Banking. The company offers personal deposits, such as chequing, savings, and investment products; financing, investment, cash management, international trade, and day-to-day banking services to businesses; and financing options to customers at point of sale for automotive and recreational vehicle purchases. It also provides credit cards and payments; real estate secured lending, auto finance, and consumer lending services; point-of-sale payment solutions for large and small businesses; wealth and asset management products, and advice to retail and institutional clients through direct investing, advice-based, and asset management businesses; and property and casualty insurance, as well as life and health insurance products. The company also provides capital markets, and corporate and investment banking products and services, including underwriting and distribution of new debt and equity issues; advice on strategic acquisitions and divestitures; and trading, funding, and investment services to corporations, governments, and institutions. It offers its products and services under the TD Bank and America's Most Convenient Bank brand names. The company operates through a network of 1,061 branches and 3,381 automated teller machines (ATMs) in Canada, and 1,148 stores and 2,701 ATMs in the United States, as well as offers telephone, digital, and mobile banking services. It has a strategic alliance with Canada Post Corporation. The Toronto-Dominion Bank was founded in 1855 and is headquartered in Toronto, Canada.",Canada,Banks—Diversified,CAD,TOR,The Toronto-Dominion Bank,TORONTO-DOMINION BANK,,109.08,1031460
ENB.TO,Enbridge,Energy,"Enbridge Inc. operates as an energy infrastructure company. The company operates through five segments: Liquids Pipelines, Gas Transmission and Midstream, Gas Distribution and Storage, Renewable Power Generation, and Energy Services. The Liquids Pipelines segment operates pipelines and related terminals to transport various grades of crude oil and other liquid hydrocarbons in Canada and the United States. The Gas Transmission and Midstream segment invests in natural gas pipelines, and gathering and processing facilities in Canada and the United States. The Gas Distribution and Storage segment is involved in natural gas utility operations serving residential, commercial, and industrial customers in Ontario, as well as natural gas distribution and energy transportation activities in Quebec. The Renewable Power Generation segment operates power generating assets, such as wind, solar, geothermal, and waste heat recovery facilities; and transmission assets in North America and Europe. The Energy Services segment provides energy marketing services to refiners, producers, and other customers; and physical commodity marketing and logistical services in Canada and the United States. The company was formerly known as IPL Energy Inc. and changed its name to Enbridge Inc. in October 1998. Enbridge Inc. was founded in 1949 and is headquartered in Calgary, Canada.",Canada,Oil & Gas Midstream,CAD,TOR,Enbridge Inc.,ENBRIDGE INC,,58.97,888427
CNR.TO,Canadian National Railway,Industrials,"Canadian National Railway Company, together with its subsidiaries, engages in the rail and related transportation business. Its portfolio of goods includes petroleum and chemicals, grain and fertilizers, coal, metals and minerals, forest products, intermodal, and automotive products serving exporters, importers, retailers, farmers, and manufacturers. The company operates a network of 19,500 route miles of track spanning Canada and the United States. It also provides vessels and docks, transloading and distribution, automotive logistics, and freight forwarding and transportation management services. The company was founded in 1919 and is headquartered in Montreal, Canada.",Canada,Railroads,CAD,TOR,Canadian National Railway Company,CANADIAN NATIONAL RAILWAY CO.,,171.48,254298
BAM-A.TO,Brookfield,Financial Services,"Brookfield Asset Management is an alternative asset manager and REIT/Real Estate Investment Manager firm focuses on real estate, renewable power, infrastructure and venture capital and private equity assets. It manages a range of public and private investment products and services for institutional and retail clients. It typically makes investments in sizeable, premier assets across geographies and asset classes. It invests both its own capital as well as capital from other investors. Within private equity and venture capital, it focuses on acquisition, early ventures, control buyouts and financially distressed, buyouts and corporate carve-outs, recapitalizations, convertible, senior and mezzanine financings, operational and capital structure restructuring, strategic re-direction, turnaround, and under-performing midmarket companies. It invests in both public debt and equity markets. It invests in private equity sectors with focus on Business Services include infrastructure, healthcare, road fuel distribution and marketing, construction and real estate; Industrials include manufacturers of automotive batteries, graphite electrodes, returnable plastic packaging, and sanitation management and development; and Residential/ infrastructure services. It targets companies which likely possess underlying real assets, primarily in sectors such as industrial products, building materials, metals, mining, homebuilding, oil and gas, paper and packaging, manufacturing and forest product sectors. It invests globally with focus on North America including Brazil, the United States, Canada; Europe; and Australia; and Asia-Pacific. The firm considers equity investments in the range of $2 million to $500 million. It has a four-year investment period and a 10-year term with two one-year extensions. The firm prefers to take minority stake and majority stake. Brookfield Asset Management Inc. was founded in 1997 and based in Toronto, Canada with additional offices across Northern America; South America; Europe; Middle East and Asia.",Canada,Asset Management,CAD,TOR,Brookfield Asset Management Inc.,BROOKFIELD ASSET MANAGEMENT INC,,79.04,312914
BNS.TO,Bank of Nova Scotia,Financial Services,"The Bank of Nova Scotia provides various banking products and services in Canada, the United States, Mexico, Peru, Chile, Colombia, the Caribbean and Central America, and internationally. It operates in four segments: Canadian Banking, International Banking, Global Wealth Management, and Global Banking and Markets. The company offers financial advice and solutions, and day-to-day banking products, including debit and credit cards, chequing and saving accounts, investments, mortgages, loans, and insurance to individuals; and business banking solutions comprising lending, deposit, cash management, and trade finance solutions to small, medium, and large businesses, including automotive financing solutions to dealers and their customers. It also provides wealth management advice and solutions, including online brokerage, mobile investment, full-service brokerage, trust, private banking, and private investment counsel services; and retail mutual funds, exchange traded funds, liquid alternative funds, and institutional funds. In addition, the company offers international banking services for retail, corporate, and commercial customers; and lending and transaction, investment banking advisory, and capital markets access services to corporate customers. Further, it provides online, mobile, and telephone banking services. The company operates a network of 954 branches and approximately 3,766 automated banking machines in Canada; and approximately 1,300 branches and a network of contact and support center internationally. The Bank of Nova Scotia was founded in 1832 and is headquartered in Halifax, Canada.",Canada,Banks—Diversified,CAD,TOR,The Bank of Nova Scotia,BANK OF NOVA SCOTIA,,95,889653
SHOP.TO,Shopify Inc,Technology,"Shopify Inc., a commerce company, provides a commerce platform and services in Canada, the United States, the United Kingdom, Australia, Latin America, and internationally. The company's platform provides merchants to run their business in various sales channels, including web and mobile storefronts, physical retail locations, pop-up shops, social media storefronts, native mobile apps, buy buttons, and marketplaces; and enables to manage products and inventory, process orders and payments, fulfill and ship orders, new buyers and build customer relationships, source products, leverage analytics and reporting, and access financing. It also sells custom themes and apps, and registration of domain names. The company was formerly known as Jaded Pixel Technologies Inc. and changed its name to Shopify Inc. in November 2011. Shopify Inc. was incorporated in 2004 and is headquartered in Ottawa, Canada.",Canada,Software—Application,CAD,TOR,Shopify Inc.,SHOPIFY INC,,2228.73,96333
BMO.TO,Bank Of Montreal,Financial Services,"Bank of Montreal provides diversified financial services primarily in North America. The company's personal banking products and services include checking and savings accounts, credit cards, mortgages, and financial and investment advice services; and commercial banking products and services comprise business deposit accounts, commercial credit cards, business loans and commercial mortgages, cash management solutions, foreign exchange, specialized banking programs, treasury and payment solutions, and risk management products for small business and commercial banking customers. It also offers investment and wealth advisory services; digital investing services; financial services and solutions; and investment management, and trust and custody services. In addition, the company provides life insurance, accident and sickness insurance, and annuity products; creditor and travel insurance to bank customers; and reinsurance solutions. Further, it offers client's debt and equity capital-raising services, as well as loan origination and syndication, and treasury management; strategic advice on mergers and acquisitions, restructurings, and recapitalizations, as well as valuation and fairness opinions; and trade finance, risk mitigation, and other operating services. Additionally, the company provides research and access to markets for institutional, corporate, and retail clients; trading solutions that include debt, foreign exchange, interest rate, credit, equity, securitization and commodities; new product development and origination services, as well as risk management advice and services to hedge against fluctuations; and funding and liquidity management services to its clients. It operates through approximately 900 bank branches and 3,300 automated banking machines in Canada and the United States. Bank of Montreal was founded in 1817 and is headquartered in Montreal, Canada.",Canada,Banks—Diversified,CAD,TOR,Bank of Montreal,BANK OF MONTREAL,,154.47,234384
CP.TO,Canadian Pacific Railway,Industrials,"Canadian Pacific Railway Limited, together with its subsidiaries, owns and operates a transcontinental freight railway in Canada and the United States. The company transports bulk commodities, including grain, coal, potash, fertilizers, and sulphur; and merchandise freight, such as energy, chemicals and plastics, metals, minerals and consumer, automotive, and forest products. It also transports intermodal traffic comprising retail goods in overseas containers. The company offers rail and intermodal transportation services through a network of approximately 13,000 miles serving business centers in Quebec and British Columbia, Canada; and the United States Northeast and Midwest regions. Canadian Pacific Railway Limited was founded in 1881 and is headquartered in Calgary, Canada.",Canada,Railroads,CAD,TOR,Canadian Pacific Railway Limited,CANADIAN PACIFIC RAILWAY LIMITE,,105.46,305443
CNQ.TO,Canadian Natural Resources,Energy,"Canadian Natural Resources Limited acquires, explores for, develops, produces, markets, and sells crude oil, natural gas, and natural gas liquids (NGLs). The company offers synthetic crude oil (SCO), light and medium crude oil, bitumen (thermal oil), primary heavy crude oil, and Pelican Lake heavy crude oil. Its midstream assets include two crude oil pipeline systems; and a 50% working interest in an 84-megawatt cogeneration plant at Primrose. As of December 31, 2020, the company had total proved crude oil, bitumen, SCO, and NGLs reserves were 10,528 million barrels (MMbbl); total proved plus probable crude oil, bitumen, SCO, and NGLs reserves were 13,271 MMbbl; proved natural gas reserves were 9,465 billion cubic feet (Bcf); and total proved plus probable natural gas reserves were 15,922 Bcf. It operates primarily in Western Canada; the United Kingdom portion of the North Sea; and Offshore Africa. The company was formerly known as AEX Minerals Corporation and changed its name to Canadian Natural Resources Limited in December 1975. Canadian Natural Resources Limited was incorporated in 1973 and is headquartered in Calgary, Canada.",Canada,Oil & Gas E&P,CAD,TOR,Canadian Natural Resources Limited,CDN NATURAL RES,,85.46,1272162
AZN.L,AstraZeneca,Healthcare,"AstraZeneca PLC, a biopharmaceutical company, focuses on the discovery, development, manufacturing, and commercialization of prescription medicines. The company markets various products in the therapeutic areas of oncology, respiratory and immunology, rare diseases, and other areas, as well as in cardiovascular, renal, and metabolism (CVRM) areas. It is also involved in the development of products in oncology, CVRM, respiratory and immunology, rare diseases, and other and COVID-19 areas. The company sells its products to primary care and specialty care physicians through local marketing companies, distributors, and local representative offices in the United Kingdom, rest of Europe, the Americas, Asia, Africa, and Australasia. It has agreements with Nexium Authorised Generics; TerSera Therapeutics LLC, as well as collaboration with Daiichi Sankyo, Inc.; FibroGen, Inc.; and Merck & Co., Inc. The company was formerly known as Zeneca Group PLC and changed its name to AstraZeneca PLC in April 1999. AstraZeneca PLC was incorporated in 1992 and is headquartered in Cambridge, the United Kingdom.",United Kingdom,Drug Manufacturers—General,GBp,LSE,AstraZeneca PLC,ASTRAZENECA PLC ORD SHS $0.25,,11000,3098668
SHEL.L,Royal Dutch Shell,Energy,NA,United Kingdom,NA,GBp,LSE,Shell plc,SHELL PLC ORD EUR0.07,NA,2259.5,15547303
BARC.L,Barclays,Financial Services,"Barclays PLC, through its subsidiaries, provides various financial products and services in the United Kingdom, rest of Europe, the Americas, Africa, the Middle East, and Asia. The company operates through Barclays UK and Barclays International divisions. It offers financial services, such as retail banking, credit cards, wholesale banking, investment banking, wealth management, and investment management services. The company also engages in securities dealing activities; and issues credit cards. The company was formerly known as Barclays Bank Limited and changed its name to Barclays PLC in January 1985. Barclays PLC was founded in 1690 and is headquartered in London, the United Kingdom.",United Kingdom,Banks—Diversified,GBp,LSE,Barclays PLC,BARCLAYS PLC ORD 25P,,219.6,36343976
RIO.L,Rio Tinto,Basic Materials,"Rio Tinto Group engages in exploring, mining, and processing mineral resources worldwide. The company offers aluminum, copper, diamonds, gold, borates, titanium dioxide, salt, iron ore, and uranium. It also owns and operates open pit and underground mines, mills, refineries, smelters, power stations, and research and service facilities. The company was founded in 1873 and is headquartered in London, the United Kingdom.",United Kingdom,Other Industrial Metals & Mining,GBp,LSE,Rio Tinto Group,RIO TINTO PLC ORD 10P,,6876.26,2286875
HSBA.L,HSBC Holdings,Financial Services,"HSBC Holdings plc provides banking and financial services worldwide. The company operates through Wealth and Personal Banking, Commercial Banking, and Global Banking and Markets segments. The Wealth and Personal Banking segment offers retail banking products and services, including current and savings accounts, mortgages and personal loans, credit and debit cards, and local and international payment services for ultra high net worth individuals; and wealth management services comprising insurance and investment products, global asset management services, investment management, and private wealth solutions. The Commercial Banking segment provides credit and lending, treasury management, payment, cash management, commercial insurance, and investment services, as well as commercial cards, and international trade and receivables finance services; foreign exchange products; and capital raising services on debt and equity markets; and advisory services. It serves small and medium sized enterprises, mid-market enterprises, and corporates. The Global Banking and Markets segment offers financing, advisory, and transaction services; and credit, rates, foreign exchange, equities, money markets, and securities services, as well as engages in principal investment activities. It serves government, corporate and institutional clients, and private investors. HSBC Holdings plc was founded in 1865 and is headquartered in London, the United Kingdom.",United Kingdom,Banks—Diversified,GBp,LSE,HSBC Holdings plc,HSBC HOLDINGS PLC ORD $0.50 (UK,,567.2,21485821
ULVR.L,Unilever,Consumer Defensive,"Unilever PLC operates as a fast-moving consumer goods company in Asia, Africa, the Middle East, Turkey, Russia, Ukraine, Belarus, the Americas, and Europe. It operates through Beauty & Personal Care, Foods & Refreshment, and Home Care segments. The Beauty & Personal Care segment provides skin care and hair care products, deodorants, and skin cleansing products under the Axe, Clear, Dove, Lifebuoy, Lux, Pond's, Rexona, Signal, Suave, Sunsilk, TRESemmÃ©, and Vaseline brands. The Foods & Refreshment segment offers ice cream, soups, bouillons, seasonings, mayonnaise, ketchups, and tea categories under the Ben & Jerry's, Breyers, Brooke Bond, Heart (Wall's), Hellmann's, Knorr, Lipton, Magnum, The Vegetarian Butcher, and Unilever Food Solutions brands. The Home Care segment provides fabric solutions, and home care and hygiene products under the Cif, Omo, Persil, Domestos, Seventh Generation, and Sunlight brands. Unilever PLC was incorporated in 1894 and is based in London, the United Kingdom.",United Kingdom,Household & Personal Products,GBp,LSE,Unilever PLC,UNILEVER PLC ORD 3 1/9P,,4924,5455769
GSK.L,GlaxoSmithKline,Healthcare,"GlaxoSmithKline plc, together with its subsidiaries, engages in the creation, discovery, development, manufacture, and marketing of pharmaceutical products, vaccines, over-the-counter medicines, and health-related consumer products in the United Kingdom, the United States, and internationally. It operates through four segments: Pharmaceuticals, Pharmaceuticals R&D, Vaccines, and Consumer Healthcare. The company offers pharmaceutical products comprising medicines in the therapeutic areas, such as respiratory, HIV, immuno-inflammation, oncology, anti-viral, central nervous system, cardiovascular and urogenital, metabolic, anti-bacterial, and dermatology. It also provides consumer healthcare products in wellness, oral health, nutrition, and skin health categories. The company offers its consumer healthcare products in the form of nasal sprays, tablets, syrups, lozenges, gum and trans-dermal patches, caplets, infant syrup drops, liquid filled suspension, wipes, gels, effervescents, toothpastes, toothbrushes, mouthwashes, denture adhesives and cleansers, topical creams and non-medicated patches, lip balm, gummies, and soft chews. It has collaboration agreements with 23andMe; Lyell Immunopharma, Inc.; Novartis; Sanofi SA; Surface Oncology; Progentec Diagnostics, Inc.; Alector, Inc.; and CureVac AG., as well as strategic partnership with IDEAYA Biosciences, Inc. and Vir Biotechnology, Inc. GlaxoSmithKline plc was founded in 1715 and is headquartered in Brentford, the United Kingdom.",United Kingdom,Drug Manufacturers—General,GBp,LSE,GlaxoSmithKline plc,GLAXOSMITHKLINE PLC ORD 25P,,1801.6,14247732
DGE.L,Diageo,Consumer Defensive,"Diageo plc, together with its subsidiaries, produces, markets, and sells alcoholic beverages worldwide. The company offers scotch, whisky, gin, vodka, rum, ready to drink products, Irish cream liqueur, raki, liqueur, wine, tequila, Canadian whisky, American whiskey, cachaca, and brandy, as well as beer, including cider and non-alcoholic products. It provides its products primarily under the Johnnie Walker, Smirnoff, Captain Morgan, Baileys, Tanqueray, and Guinness brands. The company has operations in North America, Europe, Turkey, Africa, Latin America, the Caribbean, the Asia Pacific, and internationally. The company was incorporated in 1886 and is headquartered in London, the United Kingdom.",United Kingdom,Beverages—Wineries & Distilleries,GBp,LSE,Diageo plc,DIAGEO PLC ORD 28 101/108P,,4364.1,7202342
BATS.L,British American Tobacco,Consumer Defensive,"British American Tobacco p.l.c. provides tobacco and nicotine products to consumers worldwide. It offers vapour, tobacco heating, and modern oral nicotine products; combustible products; and traditional oral products, such as snus and moist snuff. The company distributes its products to retail outlets. British American Tobacco p.l.c. was founded in 1902 and is based in London, the United Kingdom.",United Kingdom,Tobacco,GBp,LSE,British American Tobacco p.l.c.,BRITISH AMERICAN TOBACCO PLC OR,,3456.5,2508575
BP.L,BP,Energy,"BP p.l.c. engages in the energy business worldwide. It operates through Gas & Low Carbon Energy, Oil Production & Operations, Customers & Products, and Rosneft segments. It produces and trades in natural gas; offers biofuels; operates onshore and offshore wind power, and solar power generating facilities; and provides de-carbonization solutions and services, such as hydrogen, and carbon capture, usage and storage. The company is also involved in the convenience and mobility business, which manages the sale of fuels to wholesale and retail customers, convenience products, aviation fuels, and Castrol lubricants; and refining, supply, and trading of oil products, as well as operation of electric vehicle charging facilities. In addition, it produces and refines oil and gas; and invests in upstream, downstream, and alternative energy companies, as well as in advanced mobility, bio and low carbon products, carbon management, digital transformation, and power and storage areas. BP p.l.c. was founded in 1908 and is headquartered in London, the United Kingdom.",United Kingdom,Oil & Gas Integrated,GBp,LSE,BP p.l.c.,BP PLC $0.25,,419.15,36425671
7203.T,Toyota Motor,Consumer Cyclical,"Toyota Motor Corporation designs, manufactures, assembles, and sells passenger vehicles, minivans and commercial vehicles, and related parts and accessories. It operates in Automotive, Financial Services, and All Other segments. The company offers hybrid cars under the Prius, Prius PHV, C-HR, LC HV, ES HV, Camry, JPN TAXI, Avalon HV, Crown HV, Century HV, UX HV, Corolla SD, Corolla Sport, RAV4 HV, WG HV, RAV4 PHV, Highlander HV, Harrier HV, Sienna HV, UX EV, Corolla Cross HV, and Yaris HV names; fuel cell vehicles under the MIRAI and SORA names; and conventional engine vehicles, including subcompact and compact cars under the Corolla, Yaris, Corolla Sport , Aqua, Passo, Roomy, Tank, Etios, Vios, AGYA, Rush, GLANZA, Urban Cruiser, and Raize names. It also provides mini-vehicles, passenger vehicles, commercial vehicles, and auto parts under the Toyota name; mid-size cars under the Camry name; luxury cars under the Lexus, Avalon, Crown, and Century names; sports cars under the GR Yaris and Supra names; and recreational and sport-utility vehicles under the Sequoia, 4Runner, RAV4, Highlander, and Land Cruiser names. In addition, the company offers pickup trucks under the Tacoma and Tundra names; Minivans, Cabwagons, and Semi-Bonnet Wagon under the Alphard, Vellfire, Noah/Voxy, Esquire, Hiace, Sienta, and Sienna names; and trucks and buses. Further, it provides financial services, such as retail financing and leasing, wholesale financing, insurance, and credit cards; and designs, manufactures, and sells prefabricated housing. Additionally, the company operates GAZOO.com, a web portal for automobile information. It operates in Japan, North America, Europe, Asia, Central and South America, Oceania, Africa, and the Middle East. The company was founded in 1933 and is headquartered in Toyota, Japan.",Japan,Auto Manufacturers,JPY,JPX,Toyota Motor Corporation,TOYOTA MOTOR CORP,,2475,21166100
6758.T,Sony,Technology,"Sony Group Corporation designs, develops, produces, and sells electronic equipment, instruments, and devices for the consumer, professional, and industrial markets worldwide. The company distributes software titles and add-on content through digital networks; network services related to game, video, and music content; and home and portable game consoles, packaged software, and peripheral devices. It also develops, produces, markets, and distributes recorded music; publishes music; and produces and distributes animation titles, game applications based on animation titles, and various services for music and visual products. In addition, the company produces, acquires, and distributes live-action and animated motion pictures for theatrical release, as well as scripted and animated series, unscripted reality or light entertainment, daytime serials, game shows, television movies, and miniseries and other television programs; operates a visual effects and animation unit; manages a studio facility; and operates television and digital networks, and post-production facilities. Further, it researches, develops, designs, produces, markets, distributes, sells, and services televisions, and video and sound products; interchangeable lens, compact digital, and consumer and professional video cameras; projectors and medical equipment; mobile phones, tablets, accessories, and applications; and metal oxide semiconductor image sensors, charge-coupled devices, large-scale integration systems, and other semiconductors. Additionally, it offers Internet broadband network services; creates and distributes content for PCs and mobile phones; and provides life and non-life insurance, banking, and other services, as well as batteries, recording media, and storage media products. The company was formerly known as Sony Corporation and changed its name to Sony Group Corporation in April 2021. Sony Group Corporation was incorporated in 1946 and is headquartered in Tokyo, Japan.",Japan,Consumer Electronics,JPY,JPX,Sony Group Corporation,SONY GROUP CORPORATION,,15725,2509100
9432.T,Nippon Telegraph & Telephone,Communication Services,"Nippon Telegraph and Telephone Corporation provides fixed voice-related, mobile voice-related, IP/packet communications, and system integration services in Japan and internationally. The company's Mobile Communications Business segment offers mobile phone services and related services, including movie and music distribution, e-book, and finance and payment services, as well as smart life area and internet connection services. Its Regional Communications Business segment provides intra-prefectural communications services, and FTTH and other services. The company's Long Distance and International Communications Business segment offers inter-prefectural communications services, international communications services, and services related to the solutions business and related services. This segment primarily provides cloud, data center, migration and maintenance support, IT system building, professional security, ICT, network, managed, mobile connectivity, and other services, as well as teleconference, web conference, and video conference services. Its Data Communications Business segment offers network system and system integration services comprising ERP services, ICT outsourcing, consulting, system design and development, and other services. The company's Other Business segment engages in the acquisition, development, construction, lease, and management of real estate; design, management, and maintenance of buildings, equipment, and electric power facilities; development of smart energy solutions and energy management systems; credit card transaction settlement activities; development, production, operation, and maintenance of information communications systems and software; billing and collection of charges for communications and other activities; design and development of systems; finance; and technology transfer and technical consulting businesses. It also sells telecommunications equipment. The company was founded in 1952 and is headquartered in Tokyo, Japan.",Japan,Telecom Services,JPY,JPX,Nippon Telegraph and Telephone Corporation,NIPPON TEL & TEL CORP,,3799,3746200
8306.T,Mitsubishi UFJ Financial,Financial Services,"Mitsubishi UFJ Financial Group, Inc., a bank holding company, provides financial services in Japan, the United States, and Asia/Oceania. The company's Retail & Commercial Banking Business Group segment offers commercial banking, trust banking, and securities products and services to retail, and small and medium-sized enterprise customers. Its Japanese Corporate & Investment Banking Business Group segment provides transaction banking, investment banking, trust banking, and securities services, as well as advanced financial solutions for large corporations. The company's Global Corporate & Investment Banking Business Group segment offers corporate, investment, and transaction banking services for large corporate and financial institutions. Its Global Commercial Banking Business Group segment provides retail and commercial banking services, including loans, deposits, fund transfers, investments, and asset management services for local retail, small and medium-sized enterprise, and corporate customers. The company's Asset Management & Investor Services Business Group segment offers asset management and administration services for corporations and pension funds, such as pension fund management and administration, advice on pension structures, and payments to beneficiaries, as well as investment trusts for retail customers. Its Global Markets Business Group segment sells and trades in fixed income instruments, currencies, equities, and other investment products; originates and distributes of financial products; and provides treasury services comprising asset and liability management, as well as global investments. Mitsubishi UFJ Financial Group, Inc. was founded in 1880 and is headquartered in Tokyo, Japan.",Japan,Banks—Diversified,JPY,JPX,"Mitsubishi UFJ Financial Group, Inc.",MITSUBISHI UFJ FINANCIAL GROUP ,,828.3,29534700
9433.T,KDDI,Communication Services,"KDDI Corporation provides telecommunications services in Japan and internationally. It operates in two segments, Personal Services and Business Services. The Personal Services segment offers smartphone, mobile phone, and other mobile communication services, as well as fixed-line services under the au Hikari brand; MVNO services; mobile services under the au brand; and voice communications, data transmission, FTTH services, and CATV services. It also provides smartphone-centric payment, financial, and other services through au PAY gateway; au HOME, an IoT service that watches over pets using sensors and cameras; au Denki to conserve energy usage; AEON, an English conversation school. The Business Services segment offers data center services to corporate customers under the TELEHOUSE brand; and various solutions for network and cloud services, smartphones, and other devices. It is also involved in the provision of broadcasting, wireless broadband, mail order, IT support, call center, and temporary personnel services; and design, construction, maintenance, and operation support for communication equipment and submarine cable. The company was founded in 1953 and is headquartered in Tokyo, Japan.",Japan,Telecom Services,JPY,JPX,KDDI Corporation,KDDI CORPORATION,,4252,3716700
8035.T,Tokyo Electron,Technology,"Tokyo Electron Limited, together with its subsidiaries, develops, manufactures, and sells semiconductor and flat panel display (FPD) production equipment in Japan, Europe, North America, Taiwan, China, South Korea, and internationally. The company's Semiconductor Production Equipment segment offers coaters/developers, etch systems, deposition systems, and cleaning systems used in wafer processing; wafer probers used in wafer testing process; and wafer bonders/debonders. Its Flat Panel Display Production Equipment segment provides coaters/developers and etch/ash systems for use in the manufacture of FPDs, as well as inkjet printing systems for manufacturing OLED panels. The company also offers logistic, facility maintenance, and insurance services. Tokyo Electron Limited was incorporated in 1951 and is headquartered in Tokyo, Japan.",Japan,Semiconductor Equipment & Materials,JPY,JPX,Tokyo Electron Limited,TOKYO ELECTRON,,69170,916300
6098.T,Recruit Holdings,Industrials,"Recruit Holdings Co., Ltd. provides HR technology and business solutions. The company operates through three segments: HR Technology, Media & Solutions, and Staffing. The HR Technology segment provides various technological solutions that help job seekers and employers in navigating hiring and recruitment. The Media & Solutions segment operates an online advertising platform for businesses in various industries, including housing, beauty, marriage, travel, and dining; and provides business management software as a service solutions for small and medium-sized companies. It also operates media platforms that publish information about jobs and new openings to support business clients' recruiting activities. The Staffing segment provides temporary staffing service in Japan, North America, Europe, and Australia. The company was founded in 1960 and is headquartered in Tokyo, Japan.",Japan,Staffing & Employment Services,JPY,JPX,"Recruit Holdings Co., Ltd.",RECRUIT HOLDINGS CO LTD,,8180,3522100
9984.T,Softbank,Communication Services,"SoftBank Group Corp. provides telecommunication services in Japan and internationally. The company operates through four segments: Investment Business of Holding Companies; SoftBank Vision Fund and Other SBIA-Managed Funds; SoftBank; and Arm. It offers mobile communications, broadband, and fixed-line communications services; and sells mobile devices. The company is also involved in internet advertising marketing, online advertising distribution, e-book distribution, investment, and planning and operation of a fashion e-commerce website; and designs and develops mobile robots. In addition, it designs microprocessor intellectual property and related technology; sells software tools; and generates, supplies, and sells electricity from renewable energy sources, as well as offers related services. Further, the company provides investment management and marketing services, smartphone payment services, PC software downloads, banking services, and solutions and services for online businesses; distributes video, voice, and data content; manufactures, distributes, and sells IT-related products, as well as IT-related services; and manages funds. The company operates a professional baseball team, as well as manages and maintains baseball stadium and other sports facilities; and operates ITmedia, an IT information site. It also operates the fashion online shopping website ZOZOTOWN. The company was formerly known as SoftBank Corp. and changed its name to SoftBank Group Corp. in July 2015. SoftBank Group Corp. was incorporated in 1981 and is headquartered in Tokyo, Japan.",Japan,Telecom Services,JPY,JPX,SoftBank Group Corp.,SOFTBANK GROUP CORP,,10220,14090600
4063.T,Shin-etsu Chemical,Basic Materials,"Shin-Etsu Chemical Co., Ltd. engages in the polyvinyl chloride (PVC)/chlor-alkali, semiconductor silicon, silicones, electronics and functional materials, specialty chemicals, processing, and trading and specialized businesses worldwide. It offers PVC for use in PVC pipes, plastic greenhouses, electric wire coating materials, PVC-framed windows, and siding materials; caustic soda for use in alumina, paper and pulp, cathode materials, and super-absorbent polymers; and sodium hypochlorite. The company also provides semiconductor silicon wafers for use as substrate materials in smartphones, personal computers, electronic devices, data centers, and automobiles; and compound semiconductor products for outdoor displays, traffic lights, in-vehicle stop lamps, and sensor light sources. In addition, it offers silicone products for use in cosmetics, buildings, lithium-ion batteries, plastic products, contact lenses, textile treatments, continuous positive airway pressure devices, ship-bottom paints, fuel efficient tires, and toys; rare earth magnets for use in hybrid cars, electric vehicles, industrial equipment, and home appliance; photoresists, photomask blanks, encapsulation materials, pellicles, and other products; and low dielectric materials, silane, multipurpose film materials, liquid fluoroelastomer, fluorinated anti-smudge coating, synthetic quartz, oxide single crystal, pyrolytic boron nitride, and anode materials. Further, the company provides cellulose derivatives; synthetic pheromones; polyvinyl alcohol; aroma chemicals; SOLBIN, a copolymer resin; silicon metal; and automobile dashboard audio and air conditioners, silicone catheters, wafer cases, rollers for OA equipment, PVC wrapping films, and vacuum assembling equipment, as well as engineering services. The company was formerly known as Shin-Etsu Nitrogen Fertilizer Co., Ltd. and changed its name to Shin-Etsu Chemical Co., Ltd. in 1940. The company was incorporated in 1926 and is headquartered in Tokyo, Japan.",Japan,Chemicals,JPY,JPX,"Shin-Etsu Chemical Co., Ltd.",SHIN-ETSU CHEMICAL CO,,21480,772300
9983.T,Fast Retailing,Consumer Cyclical,"Fast Retailing Co., Ltd., through its subsidiaries, operates as an apparel designer and retailer in Japan and internationally. The company operates through four segments: UNIQLO Japan, UNIQLO International, GU, and Global Brands. It manufactures and retails clothing for men, women, children, and babies; and lingerie, as well as other goods and items. The company operates stores and franchises under the UNIQLO, GU, PLST, Theory, COMPTOIR DES COTONNIERS, J Brand, and PRINCESSE TAM.TAM brand names. It also sells its products through online; and provides real estate leasing services. The company was formerly known as Ogori Shoji Co., Ltd. and changed its name to Fast Retailing Co., Ltd. in September 1991. Fast Retailing Co., Ltd. was founded in 1949 and is headquartered in Yamaguchi, Japan.",Japan,Apparel Retail,JPY,JPX,"Fast Retailing Co., Ltd.",FAST RETAILING CO LTD,,93000,663700
